img_name,trauma,doc_typ
1_137_2.png,1,1
1_138_2.png,1,1
1_139_2.png,1,1
1_141_2.png,1,1
1_142_2.png,1,1
1_143_2.png,1,1
1_144_2.png,1,1
1_145_2.png,0,1
1_147_2.png,0,1
1_148_2.png,1,1
1_149_2.png,1,1
1_151_2.png,1,1
1_155_2.png,0,1
1_156_2.png,0,1
1_157_2.png,0,1
1_158_2.png,0,1
1_159_2.png,1,1
1_160_2.png,1,1
1_161_2.png,1,1
1_162_2.png,1,1
1_163_2.png,0,1
1_166_2.png,1,1
1_170_2.png,0,1
1_171_2.png,0,1
1_172_2.png,1,1
1_173_2.png,1,1
1_174_2.png,1,1
1_175_2.png,1,1
1_176_2.png,1,1
1_178_2.png,0,1
1_179_2.png,1,1
1_180_2.png,1,1
1_181_2.png,0,1
1_182_2.png,0,1
1_183_2.png,1,1
1_184_2.png,1,1
1_185_2.png,1,1
1_186_2.png,1,1
1_187_2.png,1,1
1_190_2.png,0,1
1_191_2.png,1,1
1_192_2.png,1,1
1_193_2.png,1,1
1_194_2.png,0,1
1_195_2.png,1,1
1_199_2.png,1,1
1_200_2.png,1,1
1_202_2.png,1,1
1_203_2.png,1,1
1_206_2.png,1,1
1_207_2.png,1,1
1_209_2.png,1,1
1_210_2.png,1,1
1_211_2.png,0,1
1_214_2.png,1,1
1_215_2.png,1,1
1_216_2.png,0,1
1_217_2.png,1,1
1_219_2.png,1,1
1_220_2.png,1,1
1_221_2.png,0,1
1_226_2.png,1,1
1_227_2.png,1,1
1_229_2.png,0,1
1_230_2.png,1,1
1_231_2.png,0,1
1_235_2.png,1,1
1_236_2.png,0,1
1_237_2.png,1,1
1_239_2.png,0,1
1_243_2.png,1,1
1_244_2.png,0,1
1_245_2.png,0,1
1_247_2.png,1,1
1_248_2.png,1,1
1_249_2.png,0,1
1_250_2.png,1,1
1_251_2.png,0,1
1_253_2.png,1,1
1_256_2.png,1,1
2_137_2.png,1,1
2_138_2.png,1,1
2_139_2.png,1,1
2_141_2.png,1,1
2_142_2.png,1,1
2_143_2.png,1,1
2_144_2.png,1,1
2_145_2.png,0,1
2_147_2.png,0,1
2_148_2.png,1,1
2_149_2.png,1,1
2_151_2.png,1,1
2_155_2.png,0,1
2_156_2.png,0,1
2_157_2.png,0,1
2_158_2.png,0,1
2_159_2.png,1,1
2_160_2.png,1,1
2_161_2.png,1,1
2_162_2.png,1,1
2_163_2.png,0,1
2_166_2.png,1,1
2_170_2.png,0,1
2_171_2.png,0,1
2_172_2.png,1,1
2_173_2.png,1,1
2_174_2.png,1,1
2_175_2.png,1,1
2_176_2.png,1,1
2_178_2.png,0,1
2_179_2.png,1,1
2_180_2.png,1,1
2_181_2.png,0,1
2_182_2.png,0,1
2_183_2.png,1,1
2_184_2.png,1,1
2_185_2.png,1,1
2_186_2.png,1,1
2_187_2.png,1,1
2_190_2.png,0,1
2_191_2.png,1,1
2_192_2.png,1,1
2_193_2.png,1,1
2_194_2.png,0,1
2_195_2.png,1,1
2_199_2.png,1,1
2_200_2.png,1,1
2_202_2.png,1,1
2_203_2.png,1,1
2_206_2.png,1,1
2_207_2.png,1,1
2_209_2.png,1,1
2_210_2.png,1,1
2_211_2.png,0,1
2_214_2.png,1,1
2_215_2.png,1,1
2_216_2.png,0,1
2_217_2.png,1,1
2_219_2.png,1,1
2_220_2.png,1,1
2_221_2.png,0,1
2_226_2.png,1,1
2_227_2.png,1,1
2_229_2.png,0,1
2_230_2.png,1,1
2_231_2.png,0,1
2_235_2.png,1,1
2_236_2.png,0,1
2_237_2.png,1,1
2_239_2.png,0,1
2_243_2.png,1,1
2_244_2.png,0,1
2_245_2.png,0,1
2_247_2.png,1,1
2_248_2.png,1,1
2_249_2.png,0,1
2_250_2.png,1,1
2_251_2.png,0,1
2_253_2.png,1,1
2_256_2.png,1,1
3_137_2.png,1,1
3_138_2.png,1,1
3_139_2.png,1,1
3_141_2.png,1,1
3_142_2.png,1,1
3_143_2.png,1,1
3_144_2.png,1,1
3_145_2.png,0,1
3_147_2.png,0,1
3_148_2.png,1,1
3_149_2.png,1,1
3_151_2.png,1,1
3_155_2.png,0,1
3_156_2.png,0,1
3_157_2.png,0,1
3_158_2.png,0,1
3_159_2.png,1,1
3_160_2.png,1,1
3_161_2.png,1,1
3_162_2.png,1,1
3_163_2.png,0,1
3_166_2.png,1,1
3_170_2.png,0,1
3_171_2.png,0,1
3_172_2.png,1,1
3_173_2.png,1,1
3_174_2.png,1,1
3_175_2.png,1,1
3_176_2.png,1,1
3_178_2.png,0,1
3_179_2.png,1,1
3_180_2.png,1,1
3_181_2.png,0,1
3_182_2.png,0,1
3_183_2.png,1,1
3_184_2.png,1,1
3_185_2.png,1,1
3_186_2.png,1,1
3_187_2.png,1,1
3_190_2.png,0,1
3_191_2.png,1,1
3_192_2.png,1,1
3_193_2.png,1,1
3_194_2.png,0,1
3_195_2.png,1,1
3_199_2.png,1,1
3_200_2.png,1,1
3_202_2.png,1,1
3_203_2.png,1,1
3_206_2.png,1,1
3_207_2.png,1,1
3_209_2.png,1,1
3_210_2.png,1,1
3_211_2.png,0,1
3_214_2.png,1,1
3_215_2.png,1,1
3_216_2.png,0,1
3_217_2.png,1,1
3_219_2.png,1,1
3_220_2.png,1,1
3_221_2.png,0,1
3_226_2.png,1,1
3_227_2.png,1,1
3_229_2.png,0,1
3_230_2.png,1,1
3_231_2.png,0,1
3_235_2.png,1,1
3_236_2.png,0,1
3_237_2.png,1,1
3_239_2.png,0,1
3_243_2.png,1,1
3_244_2.png,0,1
3_245_2.png,0,1
3_247_2.png,1,1
3_248_2.png,1,1
3_249_2.png,0,1
3_250_2.png,1,1
3_251_2.png,0,1
3_253_2.png,1,1
3_256_2.png,1,1
4_137_2.png,1,1
4_138_2.png,1,1
4_139_2.png,1,1
4_141_2.png,1,1
4_142_2.png,1,1
4_143_2.png,1,1
4_144_2.png,1,1
4_145_2.png,0,1
4_147_2.png,0,1
4_148_2.png,1,1
4_149_2.png,1,1
4_151_2.png,1,1
4_155_2.png,0,1
4_156_2.png,0,1
4_157_2.png,0,1
4_158_2.png,0,1
4_159_2.png,1,1
4_160_2.png,1,1
4_161_2.png,1,1
4_162_2.png,1,1
4_163_2.png,0,1
4_166_2.png,1,1
4_170_2.png,0,1
4_171_2.png,0,1
4_172_2.png,1,1
4_173_2.png,1,1
4_174_2.png,1,1
4_175_2.png,1,1
4_176_2.png,1,1
4_178_2.png,0,1
4_179_2.png,1,1
4_180_2.png,1,1
4_181_2.png,0,1
4_182_2.png,0,1
4_183_2.png,1,1
4_184_2.png,1,1
4_185_2.png,1,1
4_186_2.png,1,1
4_187_2.png,1,1
4_190_2.png,0,1
4_191_2.png,1,1
4_192_2.png,1,1
4_193_2.png,1,1
4_194_2.png,0,1
4_195_2.png,1,1
4_199_2.png,1,1
4_200_2.png,1,1
4_202_2.png,1,1
4_203_2.png,1,1
4_206_2.png,1,1
4_207_2.png,1,1
4_209_2.png,1,1
4_210_2.png,1,1
4_211_2.png,0,1
4_214_2.png,1,1
4_215_2.png,1,1
4_216_2.png,0,1
4_217_2.png,1,1
4_219_2.png,1,1
4_220_2.png,1,1
4_221_2.png,0,1
4_226_2.png,1,1
4_227_2.png,1,1
4_229_2.png,0,1
4_230_2.png,1,1
4_231_2.png,0,1
4_235_2.png,1,1
4_236_2.png,0,1
4_237_2.png,1,1
4_239_2.png,0,1
4_243_2.png,1,1
4_244_2.png,0,1
4_245_2.png,0,1
4_247_2.png,1,1
4_248_2.png,1,1
4_249_2.png,0,1
4_250_2.png,1,1
4_251_2.png,0,1
4_253_2.png,1,1
4_256_2.png,1,1
5_137_2.png,1,1
5_138_2.png,1,1
5_139_2.png,1,1
5_141_2.png,1,1
5_142_2.png,1,1
5_143_2.png,1,1
5_144_2.png,1,1
5_145_2.png,0,1
5_147_2.png,0,1
5_148_2.png,1,1
5_149_2.png,1,1
5_151_2.png,1,1
5_155_2.png,0,1
5_156_2.png,0,1
5_157_2.png,0,1
5_158_2.png,0,1
5_159_2.png,1,1
5_160_2.png,1,1
5_161_2.png,1,1
5_162_2.png,1,1
5_163_2.png,0,1
5_166_2.png,1,1
5_170_2.png,0,1
5_171_2.png,0,1
5_172_2.png,1,1
5_173_2.png,1,1
5_174_2.png,1,1
5_175_2.png,1,1
5_176_2.png,1,1
5_178_2.png,0,1
5_179_2.png,1,1
5_180_2.png,1,1
5_181_2.png,0,1
5_182_2.png,0,1
5_183_2.png,1,1
5_184_2.png,1,1
5_185_2.png,1,1
5_186_2.png,1,1
5_187_2.png,1,1
5_190_2.png,0,1
5_191_2.png,1,1
5_192_2.png,1,1
5_193_2.png,1,1
5_194_2.png,0,1
5_195_2.png,1,1
5_199_2.png,1,1
5_200_2.png,1,1
5_202_2.png,1,1
5_203_2.png,1,1
5_206_2.png,1,1
5_207_2.png,1,1
5_209_2.png,1,1
5_210_2.png,1,1
5_211_2.png,0,1
5_214_2.png,1,1
5_215_2.png,1,1
5_216_2.png,0,1
5_217_2.png,1,1
5_219_2.png,1,1
5_220_2.png,1,1
5_221_2.png,0,1
5_226_2.png,1,1
5_227_2.png,1,1
5_229_2.png,0,1
5_230_2.png,1,1
5_231_2.png,0,1
5_235_2.png,1,1
5_236_2.png,0,1
5_237_2.png,1,1
5_239_2.png,0,1
5_243_2.png,1,1
5_244_2.png,0,1
5_245_2.png,0,1
5_247_2.png,1,1
5_248_2.png,1,1
5_249_2.png,0,1
5_250_2.png,1,1
5_251_2.png,0,1
5_253_2.png,1,1
5_256_2.png,1,1
6_137_2.png,1,1
6_138_2.png,1,1
6_139_2.png,1,1
6_141_2.png,1,1
6_142_2.png,1,1
6_143_2.png,1,1
6_144_2.png,1,1
6_145_2.png,0,1
6_147_2.png,0,1
6_148_2.png,1,1
6_149_2.png,1,1
6_151_2.png,1,1
6_155_2.png,0,1
6_156_2.png,0,1
6_157_2.png,0,1
6_158_2.png,0,1
6_159_2.png,1,1
6_160_2.png,1,1
6_161_2.png,1,1
6_162_2.png,1,1
6_163_2.png,0,1
6_166_2.png,1,1
6_170_2.png,0,1
6_171_2.png,0,1
6_172_2.png,1,1
6_173_2.png,1,1
6_174_2.png,1,1
6_175_2.png,1,1
6_176_2.png,1,1
6_178_2.png,0,1
6_179_2.png,1,1
6_180_2.png,1,1
6_181_2.png,0,1
6_182_2.png,0,1
6_183_2.png,1,1
6_184_2.png,1,1
6_185_2.png,1,1
6_186_2.png,1,1
6_187_2.png,1,1
6_190_2.png,0,1
6_191_2.png,1,1
6_192_2.png,1,1
6_193_2.png,1,1
6_194_2.png,0,1
6_195_2.png,1,1
6_199_2.png,1,1
6_200_2.png,1,1
6_202_2.png,1,1
6_203_2.png,1,1
6_206_2.png,1,1
6_207_2.png,1,1
6_209_2.png,1,1
6_210_2.png,1,1
6_211_2.png,0,1
6_214_2.png,1,1
6_215_2.png,1,1
6_216_2.png,0,1
6_217_2.png,1,1
6_219_2.png,1,1
6_220_2.png,1,1
6_221_2.png,0,1
6_226_2.png,1,1
6_227_2.png,1,1
6_229_2.png,0,1
6_230_2.png,1,1
6_231_2.png,0,1
6_235_2.png,1,1
6_236_2.png,0,1
6_237_2.png,1,1
6_239_2.png,0,1
6_243_2.png,1,1
6_244_2.png,0,1
6_245_2.png,0,1
6_247_2.png,1,1
6_248_2.png,1,1
6_249_2.png,0,1
6_250_2.png,1,1
6_251_2.png,0,1
6_253_2.png,1,1
6_256_2.png,1,1
7_137_2.png,1,1
7_138_2.png,1,1
7_139_2.png,1,1
7_141_2.png,1,1
7_142_2.png,1,1
7_143_2.png,1,1
7_144_2.png,1,1
7_145_2.png,0,1
7_147_2.png,0,1
7_148_2.png,1,1
7_149_2.png,1,1
7_151_2.png,1,1
7_155_2.png,0,1
7_156_2.png,0,1
7_157_2.png,0,1
7_158_2.png,0,1
7_159_2.png,1,1
7_160_2.png,1,1
7_161_2.png,1,1
7_162_2.png,1,1
7_163_2.png,0,1
7_166_2.png,1,1
7_170_2.png,0,1
7_171_2.png,0,1
7_172_2.png,1,1
7_173_2.png,1,1
7_174_2.png,1,1
7_175_2.png,1,1
7_176_2.png,1,1
7_178_2.png,0,1
7_179_2.png,1,1
7_180_2.png,1,1
7_181_2.png,0,1
7_182_2.png,0,1
7_183_2.png,1,1
7_184_2.png,1,1
7_185_2.png,1,1
7_186_2.png,1,1
7_187_2.png,1,1
7_190_2.png,0,1
7_191_2.png,1,1
7_192_2.png,1,1
7_193_2.png,1,1
7_194_2.png,0,1
7_195_2.png,1,1
7_199_2.png,1,1
7_200_2.png,1,1
7_202_2.png,1,1
7_203_2.png,1,1
7_206_2.png,1,1
7_207_2.png,1,1
7_209_2.png,1,1
7_210_2.png,1,1
7_211_2.png,0,1
7_214_2.png,1,1
7_215_2.png,1,1
7_216_2.png,0,1
7_217_2.png,1,1
7_219_2.png,1,1
7_220_2.png,1,1
7_221_2.png,0,1
7_226_2.png,1,1
7_227_2.png,1,1
7_229_2.png,0,1
7_230_2.png,1,1
7_231_2.png,0,1
7_235_2.png,1,1
7_236_2.png,0,1
7_237_2.png,1,1
7_239_2.png,0,1
7_243_2.png,1,1
7_244_2.png,0,1
7_245_2.png,0,1
7_247_2.png,1,1
7_248_2.png,1,1
7_249_2.png,0,1
7_250_2.png,1,1
7_251_2.png,0,1
7_253_2.png,1,1
7_256_2.png,1,1
8_137_2.png,1,1
8_138_2.png,1,1
8_139_2.png,1,1
8_141_2.png,1,1
8_142_2.png,1,1
8_143_2.png,1,1
8_144_2.png,1,1
8_145_2.png,0,1
8_147_2.png,0,1
8_148_2.png,1,1
8_149_2.png,1,1
8_151_2.png,1,1
8_155_2.png,0,1
8_156_2.png,0,1
8_157_2.png,0,1
8_158_2.png,0,1
8_159_2.png,1,1
8_160_2.png,1,1
8_161_2.png,1,1
8_162_2.png,1,1
8_163_2.png,0,1
8_166_2.png,1,1
8_170_2.png,0,1
8_171_2.png,0,1
8_172_2.png,1,1
8_173_2.png,1,1
8_174_2.png,1,1
8_175_2.png,1,1
8_176_2.png,1,1
8_178_2.png,0,1
8_179_2.png,1,1
8_180_2.png,1,1
8_181_2.png,0,1
8_182_2.png,0,1
8_183_2.png,1,1
8_184_2.png,1,1
8_185_2.png,1,1
8_186_2.png,1,1
8_187_2.png,1,1
8_190_2.png,0,1
8_191_2.png,1,1
8_192_2.png,1,1
8_193_2.png,1,1
8_194_2.png,0,1
8_195_2.png,1,1
8_199_2.png,1,1
8_200_2.png,1,1
8_202_2.png,1,1
8_203_2.png,1,1
8_206_2.png,1,1
8_207_2.png,1,1
8_209_2.png,1,1
8_210_2.png,1,1
8_211_2.png,0,1
8_214_2.png,1,1
8_215_2.png,1,1
8_216_2.png,0,1
8_217_2.png,1,1
8_219_2.png,1,1
8_220_2.png,1,1
8_221_2.png,0,1
8_226_2.png,1,1
8_227_2.png,1,1
8_229_2.png,0,1
8_230_2.png,1,1
8_231_2.png,0,1
8_235_2.png,1,1
8_236_2.png,0,1
8_237_2.png,1,1
8_239_2.png,0,1
8_243_2.png,1,1
8_244_2.png,0,1
8_245_2.png,0,1
8_247_2.png,1,1
8_248_2.png,1,1
8_249_2.png,0,1
8_250_2.png,1,1
8_251_2.png,0,1
8_253_2.png,1,1
8_256_2.png,1,1
9_137_2.png,1,1
9_138_2.png,1,1
9_139_2.png,1,1
9_141_2.png,1,1
9_142_2.png,1,1
9_143_2.png,1,1
9_144_2.png,1,1
9_145_2.png,0,1
9_147_2.png,0,1
9_148_2.png,1,1
9_149_2.png,1,1
9_151_2.png,1,1
9_155_2.png,0,1
9_156_2.png,0,1
9_157_2.png,0,1
9_158_2.png,0,1
9_159_2.png,1,1
9_160_2.png,1,1
9_161_2.png,1,1
9_162_2.png,1,1
9_163_2.png,0,1
9_166_2.png,1,1
9_170_2.png,0,1
9_171_2.png,0,1
9_172_2.png,1,1
9_173_2.png,1,1
9_174_2.png,1,1
9_175_2.png,1,1
9_176_2.png,1,1
9_178_2.png,0,1
9_179_2.png,1,1
9_180_2.png,1,1
9_181_2.png,0,1
9_182_2.png,0,1
9_183_2.png,1,1
9_184_2.png,1,1
9_185_2.png,1,1
9_186_2.png,1,1
9_187_2.png,1,1
9_190_2.png,0,1
9_191_2.png,1,1
9_192_2.png,1,1
9_193_2.png,1,1
9_194_2.png,0,1
9_195_2.png,1,1
9_199_2.png,1,1
9_200_2.png,1,1
9_202_2.png,1,1
9_203_2.png,1,1
9_206_2.png,1,1
9_207_2.png,1,1
9_209_2.png,1,1
9_210_2.png,1,1
9_211_2.png,0,1
9_214_2.png,1,1
9_215_2.png,1,1
9_216_2.png,0,1
9_217_2.png,1,1
9_219_2.png,1,1
9_220_2.png,1,1
9_221_2.png,0,1
9_226_2.png,1,1
9_227_2.png,1,1
9_229_2.png,0,1
9_230_2.png,1,1
9_231_2.png,0,1
9_235_2.png,1,1
9_236_2.png,0,1
9_237_2.png,1,1
9_239_2.png,0,1
9_243_2.png,1,1
9_244_2.png,0,1
9_245_2.png,0,1
9_247_2.png,1,1
9_248_2.png,1,1
9_249_2.png,0,1
9_250_2.png,1,1
9_251_2.png,0,1
9_253_2.png,1,1
9_256_2.png,1,1
10_137_2.png,1,1
10_138_2.png,1,1
10_139_2.png,1,1
10_141_2.png,1,1
10_142_2.png,1,1
10_143_2.png,1,1
10_144_2.png,1,1
10_145_2.png,0,1
10_147_2.png,0,1
10_148_2.png,1,1
10_149_2.png,1,1
10_151_2.png,1,1
10_155_2.png,0,1
10_156_2.png,0,1
10_157_2.png,0,1
10_158_2.png,0,1
10_159_2.png,1,1
10_160_2.png,1,1
10_161_2.png,1,1
10_162_2.png,1,1
10_163_2.png,0,1
10_166_2.png,1,1
10_170_2.png,0,1
10_171_2.png,0,1
10_172_2.png,1,1
10_173_2.png,1,1
10_174_2.png,1,1
10_175_2.png,1,1
10_176_2.png,1,1
10_178_2.png,0,1
10_179_2.png,1,1
10_180_2.png,1,1
10_181_2.png,0,1
10_182_2.png,0,1
10_183_2.png,1,1
10_184_2.png,1,1
10_185_2.png,1,1
10_186_2.png,1,1
10_187_2.png,1,1
10_190_2.png,0,1
10_191_2.png,1,1
10_192_2.png,1,1
10_193_2.png,1,1
10_194_2.png,0,1
10_195_2.png,1,1
10_199_2.png,1,1
10_200_2.png,1,1
10_202_2.png,1,1
10_203_2.png,1,1
10_206_2.png,1,1
10_207_2.png,1,1
10_209_2.png,1,1
10_210_2.png,1,1
10_211_2.png,0,1
10_214_2.png,1,1
10_215_2.png,1,1
10_216_2.png,0,1
10_217_2.png,1,1
10_219_2.png,1,1
10_220_2.png,1,1
10_221_2.png,0,1
10_226_2.png,1,1
10_227_2.png,1,1
10_229_2.png,0,1
10_230_2.png,1,1
10_231_2.png,0,1
10_235_2.png,1,1
10_236_2.png,0,1
10_237_2.png,1,1
10_239_2.png,0,1
10_243_2.png,1,1
10_244_2.png,0,1
10_245_2.png,0,1
10_247_2.png,1,1
10_248_2.png,1,1
10_249_2.png,0,1
10_250_2.png,1,1
10_251_2.png,0,1
10_253_2.png,1,1
10_256_2.png,1,1
11_137_2.png,1,0
11_138_2.png,1,0
11_139_2.png,1,0
11_141_2.png,1,0
11_142_2.png,1,0
11_143_2.png,1,0
11_144_2.png,1,0
11_145_2.png,0,0
11_147_2.png,0,0
11_148_2.png,1,0
11_149_2.png,1,0
11_151_2.png,1,0
11_155_2.png,0,0
11_156_2.png,0,0
11_157_2.png,0,0
11_158_2.png,0,0
11_159_2.png,1,0
11_160_2.png,1,0
11_161_2.png,1,0
11_162_2.png,1,0
11_163_2.png,0,0
11_166_2.png,1,0
11_170_2.png,0,0
11_171_2.png,0,0
11_172_2.png,1,0
11_173_2.png,1,0
11_174_2.png,1,0
11_175_2.png,1,0
11_176_2.png,1,0
11_178_2.png,0,0
11_179_2.png,1,0
11_180_2.png,1,0
11_181_2.png,0,0
11_182_2.png,0,0
11_183_2.png,1,0
11_184_2.png,1,0
11_185_2.png,1,0
11_186_2.png,1,0
11_187_2.png,1,0
11_190_2.png,0,0
11_191_2.png,1,0
11_192_2.png,1,0
11_193_2.png,1,0
11_194_2.png,0,0
11_195_2.png,1,0
11_199_2.png,1,0
11_200_2.png,1,0
11_202_2.png,1,0
11_203_2.png,1,0
11_206_2.png,1,0
11_207_2.png,1,0
11_209_2.png,1,0
11_210_2.png,1,0
11_211_2.png,0,0
11_214_2.png,1,0
11_215_2.png,1,0
11_216_2.png,0,0
11_217_2.png,1,0
11_219_2.png,1,0
11_220_2.png,1,0
11_221_2.png,0,0
11_226_2.png,1,0
11_227_2.png,1,0
11_229_2.png,0,0
11_230_2.png,1,0
11_231_2.png,0,0
11_235_2.png,1,0
11_236_2.png,0,0
11_237_2.png,1,0
11_239_2.png,0,0
11_243_2.png,1,0
11_244_2.png,0,0
11_245_2.png,0,0
11_247_2.png,1,0
11_248_2.png,1,0
11_249_2.png,0,0
11_250_2.png,1,0
11_251_2.png,0,0
11_253_2.png,1,0
11_256_2.png,1,0
12_137_2.png,1,0
12_138_2.png,1,0
12_139_2.png,1,0
12_141_2.png,1,0
12_142_2.png,1,0
12_143_2.png,1,0
12_144_2.png,1,0
12_145_2.png,0,0
12_147_2.png,0,0
12_148_2.png,1,0
12_149_2.png,1,0
12_151_2.png,1,0
12_155_2.png,0,0
12_156_2.png,0,0
12_157_2.png,0,0
12_158_2.png,0,0
12_159_2.png,1,0
12_160_2.png,1,0
12_161_2.png,1,0
12_162_2.png,1,0
12_163_2.png,0,0
12_166_2.png,1,0
12_170_2.png,0,0
12_171_2.png,0,0
12_172_2.png,1,0
12_173_2.png,1,0
12_174_2.png,1,0
12_175_2.png,1,0
12_176_2.png,1,0
12_178_2.png,0,0
12_179_2.png,1,0
12_180_2.png,1,0
12_181_2.png,0,0
12_182_2.png,0,0
12_183_2.png,1,0
12_184_2.png,1,0
12_185_2.png,1,0
12_186_2.png,1,0
12_187_2.png,1,0
12_190_2.png,0,0
12_191_2.png,1,0
12_192_2.png,1,0
12_193_2.png,1,0
12_194_2.png,0,0
12_195_2.png,1,0
12_199_2.png,1,0
12_200_2.png,1,0
12_202_2.png,1,0
12_203_2.png,1,0
12_206_2.png,1,0
12_207_2.png,1,0
12_209_2.png,1,0
12_210_2.png,1,0
12_211_2.png,0,0
12_214_2.png,1,0
12_215_2.png,1,0
12_216_2.png,0,0
12_217_2.png,1,0
12_219_2.png,1,0
12_220_2.png,1,0
12_221_2.png,0,0
12_226_2.png,1,0
12_227_2.png,1,0
12_229_2.png,0,0
12_230_2.png,1,0
12_231_2.png,0,0
12_235_2.png,1,0
12_236_2.png,0,0
12_237_2.png,1,0
12_239_2.png,0,0
12_243_2.png,1,0
12_244_2.png,0,0
12_245_2.png,0,0
12_247_2.png,1,0
12_248_2.png,1,0
12_249_2.png,0,0
12_250_2.png,1,0
12_251_2.png,0,0
12_253_2.png,1,0
12_256_2.png,1,0
13_137_2.png,1,0
13_138_2.png,1,0
13_139_2.png,1,0
13_141_2.png,1,0
13_142_2.png,1,0
13_143_2.png,1,0
13_144_2.png,1,0
13_145_2.png,0,0
13_147_2.png,0,0
13_148_2.png,1,0
13_149_2.png,1,0
13_151_2.png,1,0
13_155_2.png,0,0
13_156_2.png,0,0
13_157_2.png,0,0
13_158_2.png,0,0
13_159_2.png,1,0
13_160_2.png,1,0
13_161_2.png,1,0
13_162_2.png,1,0
13_163_2.png,0,0
13_166_2.png,1,0
13_170_2.png,0,0
13_171_2.png,0,0
13_172_2.png,1,0
13_173_2.png,1,0
13_174_2.png,1,0
13_175_2.png,1,0
13_176_2.png,1,0
13_178_2.png,0,0
13_179_2.png,1,0
13_180_2.png,1,0
13_181_2.png,0,0
13_182_2.png,0,0
13_183_2.png,1,0
13_184_2.png,1,0
13_185_2.png,1,0
13_186_2.png,1,0
13_187_2.png,1,0
13_190_2.png,0,0
13_191_2.png,1,0
13_192_2.png,1,0
13_193_2.png,1,0
13_194_2.png,0,0
13_195_2.png,1,0
13_199_2.png,1,0
13_200_2.png,1,0
13_202_2.png,1,0
13_203_2.png,1,0
13_206_2.png,1,0
13_207_2.png,1,0
13_209_2.png,1,0
13_210_2.png,1,0
13_211_2.png,0,0
13_214_2.png,1,0
13_215_2.png,1,0
13_216_2.png,0,0
13_217_2.png,1,0
13_219_2.png,1,0
13_220_2.png,1,0
13_221_2.png,0,0
13_226_2.png,1,0
13_227_2.png,1,0
13_229_2.png,0,0
13_230_2.png,1,0
13_231_2.png,0,0
13_235_2.png,1,0
13_236_2.png,0,0
13_237_2.png,1,0
13_239_2.png,0,0
13_243_2.png,1,0
13_244_2.png,0,0
13_245_2.png,0,0
13_247_2.png,1,0
13_248_2.png,1,0
13_249_2.png,0,0
13_250_2.png,1,0
13_251_2.png,0,0
13_253_2.png,1,0
13_256_2.png,1,0
14_137_2.png,1,0
14_138_2.png,1,0
14_139_2.png,1,0
14_141_2.png,1,0
14_142_2.png,1,0
14_143_2.png,1,0
14_144_2.png,1,0
14_145_2.png,0,0
14_147_2.png,0,0
14_148_2.png,1,0
14_149_2.png,1,0
14_151_2.png,1,0
14_155_2.png,0,0
14_156_2.png,0,0
14_157_2.png,0,0
14_158_2.png,0,0
14_159_2.png,1,0
14_160_2.png,1,0
14_161_2.png,1,0
14_162_2.png,1,0
14_163_2.png,0,0
14_166_2.png,1,0
14_170_2.png,0,0
14_171_2.png,0,0
14_172_2.png,1,0
14_173_2.png,1,0
14_174_2.png,1,0
14_175_2.png,1,0
14_176_2.png,1,0
14_178_2.png,0,0
14_179_2.png,1,0
14_180_2.png,1,0
14_181_2.png,0,0
14_182_2.png,0,0
14_183_2.png,1,0
14_184_2.png,1,0
14_185_2.png,1,0
14_186_2.png,1,0
14_187_2.png,1,0
14_190_2.png,0,0
14_191_2.png,1,0
14_192_2.png,1,0
14_193_2.png,1,0
14_194_2.png,0,0
14_195_2.png,1,0
14_199_2.png,1,0
14_200_2.png,1,0
14_202_2.png,1,0
14_203_2.png,1,0
14_206_2.png,1,0
14_207_2.png,1,0
14_209_2.png,1,0
14_210_2.png,1,0
14_211_2.png,0,0
14_214_2.png,1,0
14_215_2.png,1,0
14_216_2.png,0,0
14_217_2.png,1,0
14_219_2.png,1,0
14_220_2.png,1,0
14_221_2.png,0,0
14_226_2.png,1,0
14_227_2.png,1,0
14_229_2.png,0,0
14_230_2.png,1,0
14_231_2.png,0,0
14_235_2.png,1,0
14_236_2.png,0,0
14_237_2.png,1,0
14_239_2.png,0,0
14_243_2.png,1,0
14_244_2.png,0,0
14_245_2.png,0,0
14_247_2.png,1,0
14_248_2.png,1,0
14_249_2.png,0,0
14_250_2.png,1,0
14_251_2.png,0,0
14_253_2.png,1,0
14_256_2.png,1,0
15_137_2.png,1,0
15_138_2.png,1,0
15_139_2.png,1,0
15_141_2.png,1,0
15_142_2.png,1,0
15_143_2.png,1,0
15_144_2.png,1,0
15_145_2.png,0,0
15_147_2.png,0,0
15_148_2.png,1,0
15_149_2.png,1,0
15_151_2.png,1,0
15_155_2.png,0,0
15_156_2.png,0,0
15_157_2.png,0,0
15_158_2.png,0,0
15_159_2.png,1,0
15_160_2.png,1,0
15_161_2.png,1,0
15_162_2.png,1,0
15_163_2.png,0,0
15_166_2.png,1,0
15_170_2.png,0,0
15_171_2.png,0,0
15_172_2.png,1,0
15_173_2.png,1,0
15_174_2.png,1,0
15_175_2.png,1,0
15_176_2.png,1,0
15_178_2.png,0,0
15_179_2.png,1,0
15_180_2.png,1,0
15_181_2.png,0,0
15_182_2.png,0,0
15_183_2.png,1,0
15_184_2.png,1,0
15_185_2.png,1,0
15_186_2.png,1,0
15_187_2.png,1,0
15_190_2.png,0,0
15_191_2.png,1,0
15_192_2.png,1,0
15_193_2.png,1,0
15_194_2.png,0,0
15_195_2.png,1,0
15_199_2.png,1,0
15_200_2.png,1,0
15_202_2.png,1,0
15_203_2.png,1,0
15_206_2.png,1,0
15_207_2.png,1,0
15_209_2.png,1,0
15_210_2.png,1,0
15_211_2.png,0,0
15_214_2.png,1,0
15_215_2.png,1,0
15_216_2.png,0,0
15_217_2.png,1,0
15_219_2.png,1,0
15_220_2.png,1,0
15_221_2.png,0,0
15_226_2.png,1,0
15_227_2.png,1,0
15_229_2.png,0,0
15_230_2.png,1,0
15_231_2.png,0,0
15_235_2.png,1,0
15_236_2.png,0,0
15_237_2.png,1,0
15_239_2.png,0,0
15_243_2.png,1,0
15_244_2.png,0,0
15_245_2.png,0,0
15_247_2.png,1,0
15_248_2.png,1,0
15_249_2.png,0,0
15_250_2.png,1,0
15_251_2.png,0,0
15_253_2.png,1,0
15_256_2.png,1,0
16_137_2.png,1,0
16_138_2.png,1,0
16_139_2.png,1,0
16_141_2.png,1,0
16_142_2.png,1,0
16_143_2.png,1,0
16_144_2.png,1,0
16_145_2.png,0,0
16_147_2.png,0,0
16_148_2.png,1,0
16_149_2.png,1,0
16_151_2.png,1,0
16_155_2.png,0,0
16_156_2.png,0,0
16_157_2.png,0,0
16_158_2.png,0,0
16_159_2.png,1,0
16_160_2.png,1,0
16_161_2.png,1,0
16_162_2.png,1,0
16_163_2.png,0,0
16_166_2.png,1,0
16_170_2.png,0,0
16_171_2.png,0,0
16_172_2.png,1,0
16_173_2.png,1,0
16_174_2.png,1,0
16_175_2.png,1,0
16_176_2.png,1,0
16_178_2.png,0,0
16_179_2.png,1,0
16_180_2.png,1,0
16_181_2.png,0,0
16_182_2.png,0,0
16_183_2.png,1,0
16_184_2.png,1,0
16_185_2.png,1,0
16_186_2.png,1,0
16_187_2.png,1,0
16_190_2.png,0,0
16_191_2.png,1,0
16_192_2.png,1,0
16_193_2.png,1,0
16_194_2.png,0,0
16_195_2.png,1,0
16_199_2.png,1,0
16_200_2.png,1,0
16_202_2.png,1,0
16_203_2.png,1,0
16_206_2.png,1,0
16_207_2.png,1,0
16_209_2.png,1,0
16_210_2.png,1,0
16_211_2.png,0,0
16_214_2.png,1,0
16_215_2.png,1,0
16_216_2.png,0,0
16_217_2.png,1,0
16_219_2.png,1,0
16_220_2.png,1,0
16_221_2.png,0,0
16_226_2.png,1,0
16_227_2.png,1,0
16_229_2.png,0,0
16_230_2.png,1,0
16_231_2.png,0,0
16_235_2.png,1,0
16_236_2.png,0,0
16_237_2.png,1,0
16_239_2.png,0,0
16_243_2.png,1,0
16_244_2.png,0,0
16_245_2.png,0,0
16_247_2.png,1,0
16_248_2.png,1,0
16_249_2.png,0,0
16_250_2.png,1,0
16_251_2.png,0,0
16_253_2.png,1,0
16_256_2.png,1,0
17_137_2.png,1,0
17_138_2.png,1,0
17_139_2.png,1,0
17_141_2.png,1,0
17_142_2.png,1,0
17_143_2.png,1,0
17_144_2.png,1,0
17_145_2.png,0,0
17_147_2.png,0,0
17_148_2.png,1,0
17_149_2.png,1,0
17_151_2.png,1,0
17_155_2.png,0,0
17_156_2.png,0,0
17_157_2.png,0,0
17_158_2.png,0,0
17_159_2.png,1,0
17_160_2.png,1,0
17_161_2.png,1,0
17_162_2.png,1,0
17_163_2.png,0,0
17_166_2.png,1,0
17_170_2.png,0,0
17_171_2.png,0,0
17_172_2.png,1,0
17_173_2.png,1,0
17_174_2.png,1,0
17_175_2.png,1,0
17_176_2.png,1,0
17_178_2.png,0,0
17_179_2.png,1,0
17_180_2.png,1,0
17_181_2.png,0,0
17_182_2.png,0,0
17_183_2.png,1,0
17_184_2.png,1,0
17_185_2.png,1,0
17_186_2.png,1,0
17_187_2.png,1,0
17_190_2.png,0,0
17_191_2.png,1,0
17_192_2.png,1,0
17_193_2.png,1,0
17_194_2.png,0,0
17_195_2.png,1,0
17_199_2.png,1,0
17_200_2.png,1,0
17_202_2.png,1,0
17_203_2.png,1,0
17_206_2.png,1,0
17_207_2.png,1,0
17_209_2.png,1,0
17_210_2.png,1,0
17_211_2.png,0,0
17_214_2.png,1,0
17_215_2.png,1,0
17_216_2.png,0,0
17_217_2.png,1,0
17_219_2.png,1,0
17_220_2.png,1,0
17_221_2.png,0,0
17_226_2.png,1,0
17_227_2.png,1,0
17_229_2.png,0,0
17_230_2.png,1,0
17_231_2.png,0,0
17_235_2.png,1,0
17_236_2.png,0,0
17_237_2.png,1,0
17_239_2.png,0,0
17_243_2.png,1,0
17_244_2.png,0,0
17_245_2.png,0,0
17_247_2.png,1,0
17_248_2.png,1,0
17_249_2.png,0,0
17_250_2.png,1,0
17_251_2.png,0,0
17_253_2.png,1,0
17_256_2.png,1,0
18_137_2.png,1,0
18_138_2.png,1,0
18_139_2.png,1,0
18_141_2.png,1,0
18_142_2.png,1,0
18_143_2.png,1,0
18_144_2.png,1,0
18_145_2.png,0,0
18_147_2.png,0,0
18_148_2.png,1,0
18_149_2.png,1,0
18_151_2.png,1,0
18_155_2.png,0,0
18_156_2.png,0,0
18_157_2.png,0,0
18_158_2.png,0,0
18_159_2.png,1,0
18_160_2.png,1,0
18_161_2.png,1,0
18_162_2.png,1,0
18_163_2.png,0,0
18_166_2.png,1,0
18_170_2.png,0,0
18_171_2.png,0,0
18_172_2.png,1,0
18_173_2.png,1,0
18_174_2.png,1,0
18_175_2.png,1,0
18_176_2.png,1,0
18_178_2.png,0,0
18_179_2.png,1,0
18_180_2.png,1,0
18_181_2.png,0,0
18_182_2.png,0,0
18_183_2.png,1,0
18_184_2.png,1,0
18_185_2.png,1,0
18_186_2.png,1,0
18_187_2.png,1,0
18_190_2.png,0,0
18_191_2.png,1,0
18_192_2.png,1,0
18_193_2.png,1,0
18_194_2.png,0,0
18_195_2.png,1,0
18_199_2.png,1,0
18_200_2.png,1,0
18_202_2.png,1,0
18_203_2.png,1,0
18_206_2.png,1,0
18_207_2.png,1,0
18_209_2.png,1,0
18_210_2.png,1,0
18_211_2.png,0,0
18_214_2.png,1,0
18_215_2.png,1,0
18_216_2.png,0,0
18_217_2.png,1,0
18_219_2.png,1,0
18_220_2.png,1,0
18_221_2.png,0,0
18_226_2.png,1,0
18_227_2.png,1,0
18_229_2.png,0,0
18_230_2.png,1,0
18_231_2.png,0,0
18_235_2.png,1,0
18_236_2.png,0,0
18_237_2.png,1,0
18_239_2.png,0,0
18_243_2.png,1,0
18_244_2.png,0,0
18_245_2.png,0,0
18_247_2.png,1,0
18_248_2.png,1,0
18_249_2.png,0,0
18_250_2.png,1,0
18_251_2.png,0,0
18_253_2.png,1,0
18_256_2.png,1,0
19_137_2.png,1,0
19_138_2.png,1,0
19_139_2.png,1,0
19_141_2.png,1,0
19_142_2.png,1,0
19_143_2.png,1,0
19_144_2.png,1,0
19_145_2.png,0,0
19_147_2.png,0,0
19_148_2.png,1,0
19_149_2.png,1,0
19_151_2.png,1,0
19_155_2.png,0,0
19_156_2.png,0,0
19_157_2.png,0,0
19_158_2.png,0,0
19_159_2.png,1,0
19_160_2.png,1,0
19_161_2.png,1,0
19_162_2.png,1,0
19_163_2.png,0,0
19_166_2.png,1,0
19_170_2.png,0,0
19_171_2.png,0,0
19_172_2.png,1,0
19_173_2.png,1,0
19_174_2.png,1,0
19_175_2.png,1,0
19_176_2.png,1,0
19_178_2.png,0,0
19_179_2.png,1,0
19_180_2.png,1,0
19_181_2.png,0,0
19_182_2.png,0,0
19_183_2.png,1,0
19_184_2.png,1,0
19_185_2.png,1,0
19_186_2.png,1,0
19_187_2.png,1,0
19_190_2.png,0,0
19_191_2.png,1,0
19_192_2.png,1,0
19_193_2.png,1,0
19_194_2.png,0,0
19_195_2.png,1,0
19_199_2.png,1,0
19_200_2.png,1,0
19_202_2.png,1,0
19_203_2.png,1,0
19_206_2.png,1,0
19_207_2.png,1,0
19_209_2.png,1,0
19_210_2.png,1,0
19_211_2.png,0,0
19_214_2.png,1,0
19_215_2.png,1,0
19_216_2.png,0,0
19_217_2.png,1,0
19_219_2.png,1,0
19_220_2.png,1,0
19_221_2.png,0,0
19_226_2.png,1,0
19_227_2.png,1,0
19_229_2.png,0,0
19_230_2.png,1,0
19_231_2.png,0,0
19_235_2.png,1,0
19_236_2.png,0,0
19_237_2.png,1,0
19_239_2.png,0,0
19_243_2.png,1,0
19_244_2.png,0,0
19_245_2.png,0,0
19_247_2.png,1,0
19_248_2.png,1,0
19_249_2.png,0,0
19_250_2.png,1,0
19_251_2.png,0,0
19_253_2.png,1,0
19_256_2.png,1,0
20_137_2.png,1,0
20_138_2.png,1,0
20_139_2.png,1,0
20_141_2.png,1,0
20_142_2.png,1,0
20_143_2.png,1,0
20_144_2.png,1,0
20_145_2.png,0,0
20_147_2.png,0,0
20_148_2.png,1,0
20_149_2.png,1,0
20_151_2.png,1,0
20_155_2.png,0,0
20_156_2.png,0,0
20_157_2.png,0,0
20_158_2.png,0,0
20_159_2.png,1,0
20_160_2.png,1,0
20_161_2.png,1,0
20_162_2.png,1,0
20_163_2.png,0,0
20_166_2.png,1,0
20_170_2.png,0,0
20_171_2.png,0,0
20_172_2.png,1,0
20_173_2.png,1,0
20_174_2.png,1,0
20_175_2.png,1,0
20_176_2.png,1,0
20_178_2.png,0,0
20_179_2.png,1,0
20_180_2.png,1,0
20_181_2.png,0,0
20_182_2.png,0,0
20_183_2.png,1,0
20_184_2.png,1,0
20_185_2.png,1,0
20_186_2.png,1,0
20_187_2.png,1,0
20_190_2.png,0,0
20_191_2.png,1,0
20_192_2.png,1,0
20_193_2.png,1,0
20_194_2.png,0,0
20_195_2.png,1,0
20_199_2.png,1,0
20_200_2.png,1,0
20_202_2.png,1,0
20_203_2.png,1,0
20_206_2.png,1,0
20_207_2.png,1,0
20_209_2.png,1,0
20_210_2.png,1,0
20_211_2.png,0,0
20_214_2.png,1,0
20_215_2.png,1,0
20_216_2.png,0,0
20_217_2.png,1,0
20_219_2.png,1,0
20_220_2.png,1,0
20_221_2.png,0,0
20_226_2.png,1,0
20_227_2.png,1,0
20_229_2.png,0,0
20_230_2.png,1,0
20_231_2.png,0,0
20_235_2.png,1,0
20_236_2.png,0,0
20_237_2.png,1,0
20_239_2.png,0,0
20_243_2.png,1,0
20_244_2.png,0,0
20_245_2.png,0,0
20_247_2.png,1,0
20_248_2.png,1,0
20_249_2.png,0,0
20_250_2.png,1,0
20_251_2.png,0,0
20_253_2.png,1,0
20_256_2.png,1,0
